# Alan Walker, Conor Maynard - Believers, By Alan Walker, https://open.spotify.com/playlist/4CMmmIRrtAcDc8LuCUlmg6
title,album,artist,id,url
Alone,Different World,Alan Walker,3LlmKSHR3Rs0Y3KHQLAYDk,https://open.spotify.com/track/3LlmKSHR3Rs0Y3KHQLAYDk
Alone (Calvin Harris Remix) (Feat. Stefflon Don),Alone (Calvin Harris Remix) (Feat. Stefflon Don),"Halsey, Stefflon Don, Calvin Harris",5K09638EBQjVMrZYXA89aC,https://open.spotify.com/track/5K09638EBQjVMrZYXA89aC
BLUE,The London Sessions,"Tiësto, Stevie Appleton",0gwmifwzIBArZYYwUNCuJb,https://open.spotify.com/track/0gwmifwzIBArZYYwUNCuJb
Bandido,Bandido,"Myke Towers, Juhn",1xK1Gg9SxG8fy2Ya373oqb,https://open.spotify.com/track/1xK1Gg9SxG8fy2Ya373oqb
Can't Feel My Face - Martin Garrix Remix,Can't Feel My Face (Martin Garrix Remix),"The Weeknd, Martin Garrix",22SXyL6pUjwIvGWvgGjLov,https://open.spotify.com/track/22SXyL6pUjwIvGWvgGjLov
Crave U,Crave U,"Zack Martino, Lenii",2jFCFjCd730jcmmINc4QZa,https://open.spotify.com/track/2jFCFjCd730jcmmINc4QZa
Dance Monkey,Dance Monkey,Tones And I,1rgnBhdG2JDFTbYkYRZAku,https://open.spotify.com/track/1rgnBhdG2JDFTbYkYRZAku
Darkside,Different World,"Alan Walker, Au/Ra, Tomine Harket",6SRWhUJcD2YKahCwHavz3X,https://open.spotify.com/track/6SRWhUJcD2YKahCwHavz3X
Different World (feat. CORSAK),Different World,"Alan Walker, K-391, Sofia Carson, CORSAK",4heFQCyiW0RUEX1Q1lb008,https://open.spotify.com/track/4heFQCyiW0RUEX1Q1lb008
Do It All for You,Different World,"Alan Walker, Trevor Guthrie",1xUZ6CgfpXspcQuEIOhf2v,https://open.spotify.com/track/1xUZ6CgfpXspcQuEIOhf2v
Dreamers,Dreamers,Wahlstedt,1MF0hyC0NLN0IcI4FpQKYl,https://open.spotify.com/track/1MF0hyC0NLN0IcI4FpQKYl
Dynamite,BE,BTS,4saklk6nie3yiGePpBwUoc,https://open.spotify.com/track/4saklk6nie3yiGePpBwUoc
DÁKITI,EL ÚLTIMO TOUR DEL MUNDO,"Bad Bunny, Jhay Cortez",4MzXwWMhyBbmu6hOcLVD49,https://open.spotify.com/track/4MzXwWMhyBbmu6hOcLVD49
End of Time,End of Time,"K-391, Alan Walker, Ahrix",67O8CWXxPsfz8orZVGMQwf,https://open.spotify.com/track/67O8CWXxPsfz8orZVGMQwf
Faded,Different World,Alan Walker,698ItKASDavgwZ3WjaWjtz,https://open.spotify.com/track/698ItKASDavgwZ3WjaWjtz
Fake Friends (feat. Alex Hosking),Fake Friends (feat. Alex Hosking),"PS1, Alex Hosking",0UBjV0qdhBKQLnl8tNXb9e,https://open.spotify.com/track/0UBjV0qdhBKQLnl8tNXb9e
GIRL LIKE ME,Translation,"Black Eyed Peas, Shakira",2vBET2pmrQqafaS6zIaYta,https://open.spotify.com/track/2vBET2pmrQqafaS6zIaYta
Goosebumps,Goosebumps,HVME,20McUFi8KCIVdNDLrkTDuZ,https://open.spotify.com/track/20McUFi8KCIVdNDLrkTDuZ
Ignite,Ignite,"Alan Walker, Julie Bergan, K-391, SEUNGRI",1jLsirPDkUS2g4gnkYua58,https://open.spotify.com/track/1jLsirPDkUS2g4gnkYua58
In Your Eyes (feat. Alida),In Your Eyes (feat. Alida),"Robin Schulz, Alida",61ZM92T2zaXIVsqncThQzC,https://open.spotify.com/track/61ZM92T2zaXIVsqncThQzC
JUMANJI (feat. CANCUN?),OBLIVION,"HEDEGAARD, CANCUN?",4MmEOHYHdyb5hFOCkBfsF2,https://open.spotify.com/track/4MmEOHYHdyb5hFOCkBfsF2
Laugh Now Cry Later (feat. Lil Durk),Laugh Now Cry Later (feat. Lil Durk),"Drake, Lil Durk",2SAqBLGA283SUiwJ3xOUVI,https://open.spotify.com/track/2SAqBLGA283SUiwJ3xOUVI
Legends Never Die - (Remix),Legends Never Die (Remix),"League of Legends, Alan Walker, Against The Current, Mako",66YtIqT0kN4958EXnCnAmE,https://open.spotify.com/track/66YtIqT0kN4958EXnCnAmE
Levitating (feat. DaBaby),Levitating (feat. DaBaby),"Dua Lipa, DaBaby",463CkQjx2Zk1yXoBuierM9,https://open.spotify.com/track/463CkQjx2Zk1yXoBuierM9
Lonely,Lonely,Joel Corry,2ZEq4HT450Ye9IFGPTl9qV,https://open.spotify.com/track/2ZEq4HT450Ye9IFGPTl9qV
Lost,channel ORANGE (Explicit Version),Frank Ocean,4L7jMAP8UcIe309yQmkdcO,https://open.spotify.com/track/4L7jMAP8UcIe309yQmkdcO
Make You Mine (feat. Moa Lisa),Make You Mine (feat. Moa Lisa),"Mike Williams, Moa Lisa",1ICPREUY4yMNeFEgbNh7D5,https://open.spotify.com/track/1ICPREUY4yMNeFEgbNh7D5
Mood (feat. iann dior),Mood (feat. iann dior),"24kGoldn, iann dior",3tjFYV6RSFtuktYl3ZtYcq,https://open.spotify.com/track/3tjFYV6RSFtuktYl3ZtYcq
Naked,Naked,"Lucas Estrada, Wahlstedt, AMAYA",1LyTeIRYMHPA13p4b02NvV,https://open.spotify.com/track/1LyTeIRYMHPA13p4b02NvV
On My Way,On My Way,"Alan Walker, Sabrina Carpenter, Farruko",4n7jnSxVLd8QioibtTDBDq,https://open.spotify.com/track/4n7jnSxVLd8QioibtTDBDq
Paradise (feat. Dermot Kennedy),Paradise,"MEDUZA, Dermot Kennedy",6ft4hAq6yde8jPZY2i5zLr,https://open.spotify.com/track/6ft4hAq6yde8jPZY2i5zLr
Perfect Strangers - Club Mix,Perfect Strangers (Remixes),"Jonas Blue, JP Cooper",1TV1Hc5kwk44GPeZEZzydc,https://open.spotify.com/track/1TV1Hc5kwk44GPeZEZzydc
Piece Of Your Heart - Alok Remix,Piece Of Your Heart (Alok Remix),"MEDUZA, Alok, Goodboys",6iW38RGqdDGOofmz2HeXLW,https://open.spotify.com/track/6iW38RGqdDGOofmz2HeXLW
Ride It - Jonas Blue Remix,Ride It (Jonas Blue Remix),"Regard, Jonas Blue",2ONRkpOJ6X91GMXMthtT0M,https://open.spotify.com/track/2ONRkpOJ6X91GMXMthtT0M
Roses - Imanbek Remix,While The World Was Burning,"SAINt JHN, Imanbek",0zLCBJZSiELJf02ucPP9wb,https://open.spotify.com/track/0zLCBJZSiELJf02ucPP9wb
Secrets,Secrets,"Regard, RAYE",66W1rVTnEv86dIkFhoiElg,https://open.spotify.com/track/66W1rVTnEv86dIkFhoiElg
Show Me Love - EDX Remix / Radio Edit,Show Me Love (EDX Remix / Radio Edit),"Sam Feldt, Kimberly Anne, EDX",6PkzXU8dlwtfrwyTlUyVnv,https://open.spotify.com/track/6PkzXU8dlwtfrwyTlUyVnv
Sorry,Sorry,"Alan Walker, ISÁK",65tQ1ZL4Q5uKsghVoj1O8o,https://open.spotify.com/track/65tQ1ZL4Q5uKsghVoj1O8o
Space Melody (Edward Artemyev) (feat. Leony),Space Melody (Edward Artemyev) (feat. Leony),"VIZE, Alan Walker, Edward Artemyev, Leony",0FRavXSn6XmeItbuJR3VrR,https://open.spotify.com/track/0FRavXSn6XmeItbuJR3VrR
Stronger (feat. Kesha),Stronger (feat. Kesha),"Sam Feldt, Kesha",4NctFqJyGAqurHFEUQvWgR,https://open.spotify.com/track/4NctFqJyGAqurHFEUQvWgR
Sweater Weather,I Love You.,The Neighbourhood,2QjOHCTQ1Jl3zawyYOpxh6,https://open.spotify.com/track/2QjOHCTQ1Jl3zawyYOpxh6
Take You Dancing - R3HAB Remix,Take You Dancing (R3HAB Remix),"Jason Derulo, R3HAB",6BBD4ORMmIXeOND3kFQ1IB,https://open.spotify.com/track/6BBD4ORMmIXeOND3kFQ1IB
Toosie Slide,Toosie Slide,"Steve Void, Koosen, Strange Fruits Music",7jIyI876WOu2dxwSTCpo16,https://open.spotify.com/track/7jIyI876WOu2dxwSTCpo16
Up All Night (feat. Afrojack),Up All Night (feat. Afrojack),"VINAI, Hard Lights, Afrojack",5k1uIPpsHmnbWFr4nbpdYb,https://open.spotify.com/track/5k1uIPpsHmnbWFr4nbpdYb
VALENTINO - Imanbek Remix,VALENTINO (Imanbek Remix),"24kGoldn, Imanbek",660BgHpKo1jhR9MMSFn7CF,https://open.spotify.com/track/660BgHpKo1jhR9MMSFn7CF
What They Want,There's Really A Wolf,Russ,3pndPhlQWjuSoXhcIIdBjv,https://open.spotify.com/track/3pndPhlQWjuSoXhcIIdBjv
"Alone, Pt. II","Alone, Pt. II","Alan Walker, Ava Max",0bMbDctzMmTyK2j74j3nF3,https://open.spotify.com/track/0bMbDctzMmTyK2j74j3nF3
Lonely (feat. ISÁK & Omar Noir),Different World,"Alan Walker, Steve Aoki, ISÁK, Omar Noir",6HMT7AzGA5wmn5m2t1BuZR,https://open.spotify.com/track/6HMT7AzGA5wmn5m2t1BuZR
I Don't Wanna Go,Different World,"Alan Walker, Julie Bergan",7kVDkZkZc8qBUBsF6klUoY,https://open.spotify.com/track/7kVDkZkZc8qBUBsF6klUoY
Fake A Smile,Fake A Smile,"Alan Walker, salem ilese",6rAGFY9D3ah6Lb7fUgbNNH,https://open.spotify.com/track/6rAGFY9D3ah6Lb7fUgbNNH
Believers,Believers,"Alan Walker, Conor Maynard",4bMLBGnjAGVFpjAfIkD0UY,https://open.spotify.com/track/4bMLBGnjAGVFpjAfIkD0UY
