# Dance Classics, By Spotify, https://open.spotify.com/playlist/37i9dQZF1DX8a1tdzq5tbM
title,album,artist,id,url
"75, Brazil Street (Radio Mix) - Nicola Fasano Vs Pat-Rich","75, Brazil Street (Nicola Fasano Vs Pat-Rich)","Nicola Fasano, Pat-Rich",2RSxUNaF8EZI3B7guqXAPk,https://open.spotify.com/track/2RSxUNaF8EZI3B7guqXAPk
9Pm (Till I Come),Movin' Melodies,ATB,1CgbwsrNDlFrRuk2ebQ7zr,https://open.spotify.com/track/1CgbwsrNDlFrRuk2ebQ7zr
A Tear In The Open,Just Be,Tiësto,2ECwcDngvqCBpLuQNyOZop,https://open.spotify.com/track/2ECwcDngvqCBpLuQNyOZop
Adagio For Strings,Just Be,Tiësto,6a7mLvgueio7SuHgcacywb,https://open.spotify.com/track/6a7mLvgueio7SuHgcacywb
Another Place - Radio Edit,Another Place,"Mischa Daniels, Crown",1PJaIi4b7JV4QhBy6Obqoy,https://open.spotify.com/track/1PJaIi4b7JV4QhBy6Obqoy
Army Of Two - Radio Version,Army Of Two,"UMEK, Beltek",4HolTVfZ37wQTg0eO29J3k,https://open.spotify.com/track/4HolTVfZ37wQTg0eO29J3k
Around the World,Homework,Daft Punk,1pKYYY0dkg23sQQXi0Q5zN,https://open.spotify.com/track/1pKYYY0dkg23sQQXi0Q5zN
Awaken - Ron Reeser & Dan Saenz Radio Edit,Awaken (Pt. 2) [Remixes],JES,05u4uCA07oXnopEdlZ57Ug,https://open.spotify.com/track/05u4uCA07oXnopEdlZ57Ug
Baba O'Riley (Radio Edit),Nervous Rewind 2008,The Cube Guys,31gTL5XTmcI4JCSglW5Sda,https://open.spotify.com/track/31gTL5XTmcI4JCSglW5Sda
Baby When The Light,Pop Life,"David Guetta, Cozi, Steve Angello",7oyequ9whquaYyZXqB4LTZ,https://open.spotify.com/track/7oyequ9whquaYyZXqB4LTZ
Beautiful,L.E.F.,Ferry Corsten,3xV1sUd6aTE6Z98X1MtjC8,https://open.spotify.com/track/3xV1sUd6aTE6Z98X1MtjC8
Beautiful Things,"Mixed For Feet, Vol. 1",Andain,3SbCWIF7UaSewGfGHkFEI2,https://open.spotify.com/track/3SbCWIF7UaSewGfGHkFEI2
Behind - Callea Radio Mix,Behind,Flanders,2hS4wCi2VAV8CdsLPnWIoD,https://open.spotify.com/track/2hS4wCi2VAV8CdsLPnWIoD
Believer (feat. Wynter Gordon) - Radio Edit,Believer (feat. Wynter Gordon) [Club Mixes],"Freemasons, Wynter Gordon",56kdmEz12GpKkEzxhtHdl7,https://open.spotify.com/track/56kdmEz12GpKkEzxhtHdl7
Better Off Alone (Remastered) - 1999 Original Hit Radio,Better Off Alone (Laidback Luke Remix),Alice Deejay,48gBfTRel9fajeev7tmLpo,https://open.spotify.com/track/48gBfTRel9fajeev7tmLpo
Body Language,Body Language,"M.A.N.D.Y., Booka Shade",5koBIzuWS86S2IR36yt2LW,https://open.spotify.com/track/5koBIzuWS86S2IR36yt2LW
Cafe Del Mar - Radio Edit,25 Years Of Perfecto Records (Mixed by Paul Oakenfold),Paul Oakenfold,4LIbYKwuUBMKmqyZZC7XVg,https://open.spotify.com/track/4LIbYKwuUBMKmqyZZC7XVg
Call On Me - Radio Edit,Call On Me,Eric Prydz,3uLSUZEmTY50H6Kw17lpfW,https://open.spotify.com/track/3uLSUZEmTY50H6Kw17lpfW
Carry Me Away (feat. Emma Hewitt) - Radio Edit,"Carry Me Away , Pt. 1","Chris Lake, Emma Hewitt",3vVdNuzFHL0hmT8Xq4vbhY,https://open.spotify.com/track/3vVdNuzFHL0hmT8Xq4vbhY
Castles In The Sky - Peter Luts Radio Edit,Castles In The Sky,"Ian van Dahl, Marsha",2EhlTKxStybQpKktuuanws,https://open.spotify.com/track/2EhlTKxStybQpKktuuanws
Changed the Way You Kiss Me - Radio Edit,Playing In The Shadows,Example,1PAYgOjp1c9rrZ2kVQg2vN,https://open.spotify.com/track/1PAYgOjp1c9rrZ2kVQg2vN
Chemistry - Radio Edit,Chemistry,Velvet,6mMeuIonqBIcuzCGY5Soqe,https://open.spotify.com/track/6mMeuIonqBIcuzCGY5Soqe
Children,Children (Dance Vault Mixes),Robert Miles,4wtR6HB3XekEengMX17cpc,https://open.spotify.com/track/4wtR6HB3XekEengMX17cpc
Crush - Radio Dance Edit,Crush,M'Black,2tPyQNtMIrHN1OuYVIGFE9,https://open.spotify.com/track/2tPyQNtMIrHN1OuYVIGFE9
Cry For You,Cry For You,September,4s3CHmungRHAI5ho2edqXb,https://open.spotify.com/track/4s3CHmungRHAI5ho2edqXb
Dance4Life (feat. Maxi Jazz) - Radio Edit,Dance4Life (feat. Maxi Jazz),"Tiësto, Maxi Jazz",1uVeunZcBInXIQOwFWxSKL,https://open.spotify.com/track/1uVeunZcBInXIQOwFWxSKL
Day 'N' Night - Club Mix,Pacha Ibiza - The House Collection (2000-2009),"Kid Cudi, Crookers",5BsRZqHI8oLMc1YKsHtauE,https://open.spotify.com/track/5BsRZqHI8oLMc1YKsHtauE
Deep At Night (Adam K & Soha Radio Mix),Nervous Rewind 2008,"Ercola, Heikki L",4ggVmEvo9FzExPonRRqqIS,https://open.spotify.com/track/4ggVmEvo9FzExPonRRqqIS
Deep Inside,Deep Inside (2009 Mixes),Hardrive,5VQgTkvBQYwdp70bwIdw0s,https://open.spotify.com/track/5VQgTkvBQYwdp70bwIdw0s
Destination Calabria - Radio Edit,Destination Calabria,"Alex Gaudino, Crystal Waters",4IES3nsUkICyjj3sfznczq,https://open.spotify.com/track/4IES3nsUkICyjj3sfznczq
Disconnected - Radio Edit Dub Mix,Disconnected,Mischa Daniels,1IwrN4aytawDocT6JbqXCv,https://open.spotify.com/track/1IwrN4aytawDocT6JbqXCv
Don't Stop,Movin' Melodies,ATB,0ygoI3HcoGScxt879A23Uk,https://open.spotify.com/track/0ygoI3HcoGScxt879A23Uk
Drive Out - The Attik Radio Edit,Drive Out,Sunfreakz,607x2jQgIQdhqGgYAah8OL,https://open.spotify.com/track/607x2jQgIQdhqGgYAah8OL
Empty Streets - Haji & Emanuel Remix,Empty Streets (Remixes),"Late Night Alumni, Haji & Emanuel",12lTG2CsivVTCJH21qgkVz,https://open.spotify.com/track/12lTG2CsivVTCJH21qgkVz
Every Word (feat. Daniella) - Wendel Kos Radio Edit,Every Word,"Ercola, Daniella",0X7ELV6fLyjynJ3MexWh4X,https://open.spotify.com/track/0X7ELV6fLyjynJ3MexWh4X
Everything,Moby,Moby,3m4Mp1KfiPawsOjlRlbxN3,https://open.spotify.com/track/3m4Mp1KfiPawsOjlRlbxN3
Everything,Elements of Life,"Tiësto, JES",1jKWGx7rruKRB2gwyHBtYN,https://open.spotify.com/track/1jKWGx7rruKRB2gwyHBtYN
Everything - Radio Edit,Everything,"Ron Reeser, Dan Saenz, Myah",0l9xKcujIQJ4mDUgWb7852,https://open.spotify.com/track/0l9xKcujIQJ4mDUgWb7852
Everytime We Touch,Pop Life,David Guetta,1IaXcjEDGHHCNoNtK3xdf8,https://open.spotify.com/track/1IaXcjEDGHHCNoNtK3xdf8
Exploration of Space - Radio Edit,Exploration of Space,Cosmic Gate,4iLL2yVVG19TAJYssbMeBT,https://open.spotify.com/track/4iLL2yVVG19TAJYssbMeBT
Faded,Perfect Day,Cascada,2nJT8KecVBQmZxbfkgoAfz,https://open.spotify.com/track/2nJT8KecVBQmZxbfkgoAfz
Feel Your Love,Just One Day,Kim Sozzi,6r47b3t4zQO9tpwMUInP4s,https://open.spotify.com/track/6r47b3t4zQO9tpwMUInP4s
Fight For You - Sultan & Ned Shephard Remix Radio Edit,Fight For You,"Morgan Page, Ned Shephard, Sultan",4JIYvt01Fibhd7Tgeb9VAq,https://open.spotify.com/track/4JIYvt01Fibhd7Tgeb9VAq
Find Yourself,Vocal Trance Hits - The Anthems,"John O'Callaghan, Sarah Howells",3pVwawYlhHg9cLKWpeaN3l,https://open.spotify.com/track/3pVwawYlhHg9cLKWpeaN3l
Fire,L.E.F.,Ferry Corsten,0yHlyAKqAF1KLKx8BMYhvq,https://open.spotify.com/track/0yHlyAKqAF1KLKx8BMYhvq
Flashback,Ready For The Weekend,Calvin Harris,6A8llSO9QFF4djCCmuCrNu,https://open.spotify.com/track/6A8llSO9QFF4djCCmuCrNu
For an Angel 2009 - Radio Mix '09,For An Angel,Paul van Dyk,0yL1cs3O4Nw1si1bMGzecJ,https://open.spotify.com/track/0yL1cs3O4Nw1si1bMGzecJ
Girlfriend - 2008 Remix,Girlfriend (2008 Remix),"Robbie Rivera, Keylime",04hY9ZE6jatvZjsu1Q9nPc,https://open.spotify.com/track/04hY9ZE6jatvZjsu1Q9nPc
Go,Moby,Moby,2EQA1eRfXvbHKMjSnzUtFD,https://open.spotify.com/track/2EQA1eRfXvbHKMjSnzUtFD
Gone - Radio Edit,Gone,Lasgo,7okxXBe93gMNiXqOd6cCdU,https://open.spotify.com/track/7okxXBe93gMNiXqOd6cCdU
Halcyon and On and On,Orbital 2,Orbital,6l0LbTF2V77M3LPpcOBmqX,https://open.spotify.com/track/6l0LbTF2V77M3LPpcOBmqX
"Harder, Better, Faster, Stronger",Discovery,Daft Punk,5W3cjX2J3tjhG8zb6u0qHn,https://open.spotify.com/track/5W3cjX2J3tjhG8zb6u0qHn
Heads Will Roll - A-Trak Remix Radio Edit,Heads Will Roll,"Yeah Yeah Yeahs, A-Trak",0vBpyfpW2lARGh3AZFtWRi,https://open.spotify.com/track/0vBpyfpW2lARGh3AZFtWRi
Heartbreak - Radio Edit,Heartbreak,M'Black,6fehhZGfpzXQLoRCUjE463,https://open.spotify.com/track/6fehhZGfpzXQLoRCUjE463
Heaven,Heaven,"DJ Sammy, D/O",0KT6DLAELYSbgfUemzwGPX,https://open.spotify.com/track/0KT6DLAELYSbgfUemzwGPX
Hey Boy Hey Girl,Surrender,The Chemical Brothers,7kXmJwrZGIhDaLT9sNo3ut,https://open.spotify.com/track/7kXmJwrZGIhDaLT9sNo3ut
Hot - UK Radio Edit,Hot (Remixes),INNA,0aAGggDsfvfc8PQPkqZvH7,https://open.spotify.com/track/0aAGggDsfvfc8PQPkqZvH7
I Can’t Help Myself (feat. Sophia May) - Radio Edit,Nervous Rewind 2008,"Bellatrax, Sophia May",6I9eRIQ8ZCNM3VPAqYMgkx,https://open.spotify.com/track/6I9eRIQ8ZCNM3VPAqYMgkx
I Found U - Radio Edit,Floorfillers Club Anthems,"Axwell, Max C",1OLNYVZejaOmBJ7ykGnyoG,https://open.spotify.com/track/1OLNYVZejaOmBJ7ykGnyoG
I Remember (Strobelight Edit),Strobelite Seduction,"deadmau5, Kaskade",2OZrV4yyOZNuEFx22VVfFm,https://open.spotify.com/track/2OZrV4yyOZNuEFx22VVfFm
Imagination - Tiësto Remix Radio Edit,Imagination,JES,1mNiQ0hVgB7xQZ938A8lIJ,https://open.spotify.com/track/1mNiQ0hVgB7xQZ938A8lIJ
In White Rooms,Movements,Booka Shade,4m2RLN7imvsaLL1ZUGfFFw,https://open.spotify.com/track/4m2RLN7imvsaLL1ZUGfFFw
Infinity - Klaas Vocal Mix,Ultra Weekend 5 (Jason Nevins Presents),Guru Josh Project,7l3MaXwZ2QHjJuJ65EEmFd,https://open.spotify.com/track/7l3MaXwZ2QHjJuJ65EEmFd
Insomnia - Radio Edit,Pure... 90s Dance Party,Faithless,3dX6WDwnHwYzB5t754oB4T,https://open.spotify.com/track/3dX6WDwnHwYzB5t754oB4T
It's Too Late - Dirty South,It's Too Late,Evermore Vs. Dirty South,6GbAqnbj3diM6MvVc1oiKt,https://open.spotify.com/track/6GbAqnbj3diM6MvVc1oiKt
Just Be,Just Be,"Tiësto, Kirsty Hawkshaw",2AnEHhSLWVJJMSQECOcyyx,https://open.spotify.com/track/2AnEHhSLWVJJMSQECOcyyx
Lady (Hear Me Tonight),Back 2 House,Modjo,2T42itxS9f1ijygkLOLGOe,https://open.spotify.com/track/2T42itxS9f1ijygkLOLGOe
Let Me Think About It,Singled Out,"Ida Corr, Fedde Le Grand",4LjfIjS8iweFCPdKxLnEoV,https://open.spotify.com/track/4LjfIjS8iweFCPdKxLnEoV
Lola's Theme,Lola's Theme,The Shapeshifters,5mAh5J4w6BEZkajB1M7XrB,https://open.spotify.com/track/5mAh5J4w6BEZkajB1M7XrB
Love Comes Again,Just Be,"Tiësto, BT",4D869p0uPTcU4e1ClLB8Kj,https://open.spotify.com/track/4D869p0uPTcU4e1ClLB8Kj
Love Don't Let Me Go (Walking Away) (David Guetta vs. The Egg),One More Love,"David Guetta, The Egg",7BuynvoA4xIt9LIwqhLwRu,https://open.spotify.com/track/7BuynvoA4xIt9LIwqhLwRu
Love Don't Let Me Go (Walking Away) - David Guetta & Joachim Garraud's F*** Me I'm Famous Mix,DJ Ricardo! pres. Out Anthems 2,"David Guetta, The Egg",2Wy13KxFZT49M05qcT4EJA,https://open.spotify.com/track/2Wy13KxFZT49M05qcT4EJA
Love Has Gone - Fonzerelli Remix,Love Has Gone (Remixes),"Dave Armstrong, RedRoche, H-Boogie",4DAELRHy3hEpRwxLDOCqfq,https://open.spotify.com/track/4DAELRHy3hEpRwxLDOCqfq
Love Is Gone - Fred Rister & Joachim Garraud Radio Edit Mix,Pop Life,David Guetta,4V9HEnprK5MfCGL8bHHy7y,https://open.spotify.com/track/4V9HEnprK5MfCGL8bHHy7y
Make Your Move - Radio Edit,Make Your Move,Dave Armstrong,2Ug4PnkxcwkcL3fhM0B9Xe,https://open.spotify.com/track/2Ug4PnkxcwkcL3fhM0B9Xe
Me and Myself (Wolfgang Gartner Radio Edit),Nervous Rewind 2008,Bendj Feat Sushy,21fPlFtUrk3RM1ePhFlKeV,https://open.spotify.com/track/21fPlFtUrk3RM1ePhFlKeV
Medicine,Medicine,Kim Leoni,7jI6ZgxuIsMniEf31TaeD9,https://open.spotify.com/track/7jI6ZgxuIsMniEf31TaeD9
Missing - Todd Terry Club Mix / US Radio Edit,Amplified Heart,"Everything But The Girl, Todd Terry",36sL3KPEfXIp5KH3tDO7oo,https://open.spotify.com/track/36sL3KPEfXIp5KH3tDO7oo
Move For Me,Strobelite Seduction,Kaskade,5KOt1QRD9YQQrrzwLCWuTN,https://open.spotify.com/track/5KOt1QRD9YQQrrzwLCWuTN
Music Sounds Better With You - Radio Edit,Music Sounds Better With You,Stardust,1mv4lh1rW1K6xhxhJmEezy,https://open.spotify.com/track/1mv4lh1rW1K6xhxhJmEezy
Nyana,Just Be,Tiësto,3gVqtCpLK6tHeFbiU20QL6,https://open.spotify.com/track/3gVqtCpLK6tHeFbiU20QL6
One More Time,Discovery,Daft Punk,0DiWol3AO6WpXZgp0goxAV,https://open.spotify.com/track/0DiWol3AO6WpXZgp0goxAV
Only One (Radio Edit),Nervous Rewind 2008,Chris Lake,1Dj7hbBEco5ZT0DqY7Q2IV,https://open.spotify.com/track/1Dj7hbBEco5ZT0DqY7Q2IV
Pjanoo - Radio Edit,Pjanoo,Eric Prydz,0F2BxpbxH8Yc3pLub48hrb,https://open.spotify.com/track/0F2BxpbxH8Yc3pLub48hrb
Push The Feeling On - Mk Dub Revisited Edit,Push The Feeling On,"Nightcrawlers, MK",1EWsVHU4FNAdtN4R8FETag,https://open.spotify.com/track/1EWsVHU4FNAdtN4R8FETag
Put Your Hands Up for Detroit - MC Mario Edit,Put Your Hands Up For Detroit,Fedde Le Grand,3KrwkQhiQc5ppjEXv1nDRZ,https://open.spotify.com/track/3KrwkQhiQc5ppjEXv1nDRZ
Put `em Up,Put 'Em Up,Edun,0XJ2Ng4XAxKjzpst5drVdm,https://open.spotify.com/track/0XJ2Ng4XAxKjzpst5drVdm
Rapture (Armin Van Burren Remix Remastered - Made Radio Edit) [feat. Nadia Ali],Rapture (feat. Nadia Ali) [Armin Van Buuren Remix Remastered],"iio, Nadia Ali",4RQGig0Vhr4GXmqfklCCyK,https://open.spotify.com/track/4RQGig0Vhr4GXmqfklCCyK
Ready Steady Go - Extended Mix,Bunkka,"Paul Oakenfold, Asher D",595nqFsvxhQ6CO2YG65W2D,https://open.spotify.com/track/595nqFsvxhQ6CO2YG65W2D
ResuRection - Paul Oakenfold Full On Fluoro Radio Edit,ResuRection,Planet Perfecto Knights,6aMbSmv99DETtr97inIrJ4,https://open.spotify.com/track/6aMbSmv99DETtr97inIrJ4
Rocker,Best of Alter Ego,Alter Ego,0TqVsIuKYQTNsh1pmAF6Kn,https://open.spotify.com/track/0TqVsIuKYQTNsh1pmAF6Kn
Satisfaction,Hypnotica,"Benny Benassi, The Biz",5JZnjM9ijpit0d5zjT8MM7,https://open.spotify.com/track/5JZnjM9ijpit0d5zjT8MM7
Shadows - Inpetto Edit,Shadows,Those Usual Suspects,3KqXPyaLysWraUSi4PuSnz,https://open.spotify.com/track/3KqXPyaLysWraUSi4PuSnz
Show Me Love - Radio Edit,Show Me Love,"Steve Angello, Laidback Luke, Robin S",5Nzph7bpgv2GNh2DcVX29T,https://open.spotify.com/track/5Nzph7bpgv2GNh2DcVX29T
Somewhere - Radio Edit,Somewhere,DJ Mog Feat Sarah Lynn,35cYPqBXqob7yitjk4Cx3M,https://open.spotify.com/track/35cYPqBXqob7yitjk4Cx3M
Sorry - Dirty South Radio Edit,Sorry,Kaskade,1ZUWw5uRJEjjzTiP3Q4RJX,https://open.spotify.com/track/1ZUWw5uRJEjjzTiP3Q4RJX
Star 69 - Timo Maas Mix,Star 69,Fatboy Slim,1HYiVTgxERP2llm0yFzVNj,https://open.spotify.com/track/1HYiVTgxERP2llm0yFzVNj
Starry Eyed Surprise,Bunkka,"Paul Oakenfold, Shifty Shellshock, Crazy Town",6A4Kuy7JL0Znab3Skgloiv,https://open.spotify.com/track/6A4Kuy7JL0Znab3Skgloiv
Step One Two,Strobelite Seduction,Kaskade,2b81QjZVYfa75vC5niRDac,https://open.spotify.com/track/2b81QjZVYfa75vC5niRDac
Strange Condition - Inpetto Radio Edit,Strange Condition,Morgan Page,53gU1D9rFr0OkiJRxc4xYX,https://open.spotify.com/track/53gU1D9rFr0OkiJRxc4xYX
Summerfish - Scandall Sunset On Ibiza Instrumental,Nervous Nitelife: Vegas,Leonid Rudenko,2rVoUSkbUS0dbKrHkZN2mi,https://open.spotify.com/track/2rVoUSkbUS0dbKrHkZN2mi
Sweet Misery,Just Be,Tiësto,5O71Sv4uv46dV9stV8Cujv,https://open.spotify.com/track/5O71Sv4uv46dV9stV8Cujv
Swoon,Further,The Chemical Brothers,1xrr9bAS0zfjCXdLKpLJnA,https://open.spotify.com/track/1xrr9bAS0zfjCXdLKpLJnA
Take Me Away - Vocal Radio Mix,Believe,4 Strings,2DBZoeYzOGURGY3nj8XpC7,https://open.spotify.com/track/2DBZoeYzOGURGY3nj8XpC7
The Big Fake,presents Traffic Signs,Traffic Signs,1o6xUqNNTV2bsWcNoV7zTQ,https://open.spotify.com/track/1o6xUqNNTV2bsWcNoV7zTQ
The Girl You Lost to Cocaine - Sander van Doorn Edit,The Girl You Lost To Cocaine,Sia,223Vmr6rEbuujhHLFpsgVj,https://open.spotify.com/track/223Vmr6rEbuujhHLFpsgVj
The Longest Road (feat. Lissie) - Deadmau5 Remix Edit,The Longest Road,"Morgan Page, Lissie",0cP5GxZrtKCRQu7cbOqsBe,https://open.spotify.com/track/0cP5GxZrtKCRQu7cbOqsBe
The Sound of Goodbye - Above & Beyond UK Edit,The Sound of Goodbye (Part 2),"Armin van Buuren, Perpetuous Dreamer",3dXfF5w0an6cNZwVjLhHa0,https://open.spotify.com/track/3dXfF5w0an6cNZwVjLhHa0
The World Is Mine,One More Love,"Joachim Garraud, JD Davis, David Guetta",1tmYcGyQJHestYnGel5y7c,https://open.spotify.com/track/1tmYcGyQJHestYnGel5y7c
Toca Me - twoloud Radio Edit,Toca Me (twoloud Remix),"Fragma, twoloud",62JXnYxY7u5JVLtpTbnOKw,https://open.spotify.com/track/62JXnYxY7u5JVLtpTbnOKw
Together - Radio Edit,Together,"Axwell, Sebastian Ingrosso",4PQCrz4sk00dIEmkwmmJCr,https://open.spotify.com/track/4PQCrz4sk00dIEmkwmmJCr
Toys Are Nuts - Hardwell & Rehab Remix,Toys Are Nuts Remixes,"Chuckie, Gregor Salto, Hardwell, Rehab",7fvkfIQ4AsdNxDd45yR02F,https://open.spotify.com/track/7fvkfIQ4AsdNxDd45yR02F
Tracking Treasure Down - Radio Edit,"50 Trance Tunes, Vol. 28","Gabriel & Dresden, Molly Bancroft",65UKBA32AVBzthOGP62D2U,https://open.spotify.com/track/65UKBA32AVBzthOGP62D2U
Traffic - Radio Edit,Just Be,Tiësto,6pqFWRuybCtxerWC7B4RgF,https://open.spotify.com/track/6pqFWRuybCtxerWC7B4RgF
Underlying Feeling - Adam K & Soha Radio Edit,Underlying Feeling,Sylvia Tosun,3RaCcyWwRIdczuefF10UCb,https://open.spotify.com/track/3RaCcyWwRIdczuefF10UCb
Ur,Just Be,"Tiësto, Aqualung",4Y7beUNr43VUIOPxBJkYgE,https://open.spotify.com/track/4Y7beUNr43VUIOPxBJkYgE
Walking On Clouds,Just Be,"Tiësto, Kirsty Hawkshaw",5Dx4wEpUGIdoSPNYoLVrmr,https://open.spotify.com/track/5Dx4wEpUGIdoSPNYoLVrmr
With Every Heartbeat - with Kleerup - Tong and Spoon Wonderland Remix,With Every Heartbeat,"Robyn, Pete Tong, Dave Spoon",17FSlwAcuzwITI7cA1w0Lq,https://open.spotify.com/track/17FSlwAcuzwITI7cA1w0Lq
You Make Me Feel - Radio Edit,You Make Me Feel,AnnaGrace,55nlD6bpoWk0ZwCnn7PTDt,https://open.spotify.com/track/55nlD6bpoWk0ZwCnn7PTDt
You're Not Alone - Vocal Radio Edit,You're Not Alone,UNA,6k8cUsxbFMNoArTr2M0hEA,https://open.spotify.com/track/6k8cUsxbFMNoArTr2M0hEA
