# dank, By Drew Achtermann, https://open.spotify.com/playlist/55o6rQHtbqrxmiF3zuK2eu
title,album,artist,id,url
Too Late - Matt Lange Remix,Too Late (Matt Lange Remix),Mat Zo,45jpW4xaKt85uDw0tmiFKn,https://open.spotify.com/track/45jpW4xaKt85uDw0tmiFKn
Addicted To A Memory,True Colors,"Zedd, Bahari",0xTGfdrWzJLKRD4U6hxSsg,https://open.spotify.com/track/0xTGfdrWzJLKRD4U6hxSsg
Amaria,Battlecry,"Two Steps from Hell, Thomas Bergersen",6TabSNWjEENMHEDhyY3BG9,https://open.spotify.com/track/6TabSNWjEENMHEDhyY3BG9
Anchor,Metamorphic III,Tritonal,69mlHIPayAZVzC32RaVty5,https://open.spotify.com/track/69mlHIPayAZVzC32RaVty5
CVNT5,100 Reasons To Live,"Gareth Emery, CVNT5, Ashley Wallbridge",0ydn94XuC3iayjMrhVVMGf,https://open.spotify.com/track/0ydn94XuC3iayjMrhVVMGf
Colors,Colors,"Boombox Cartel, Grabbitz",400qVixdAaGueKeqm7zGcJ,https://open.spotify.com/track/400qVixdAaGueKeqm7zGcJ
Dark Star (Milkman Remix),Dark Star (Milkman Remix),"Milkman, Jaymes Young",5hc56hz8l6W1u4acuXIiNY,https://open.spotify.com/track/5hc56hz8l6W1u4acuXIiNY
Disarm You (feat. Ilsey),Automatic,"Kaskade, Ilsey",3xQjivjUZ4KnUslduTEYKC,https://open.spotify.com/track/3xQjivjUZ4KnUslduTEYKC
Dive - Rob & Jack Remix,Dive (Remixes),"Salvatore Ganacci, Enya, Alex Aris, Rob & Jack",5N4XTVuYThjvbEGEfVwX6s,https://open.spotify.com/track/5N4XTVuYThjvbEGEfVwX6s
Dreams,Dreams,Beck,4mqVUkv3epcKid8O9tlgtl,https://open.spotify.com/track/4mqVUkv3epcKid8O9tlgtl
Drive It Like You Stole It - Mirko Kosmos Remix,Drink the Sea (Remixes Vol. 2),"The Glitch Mob, Mirko-Kosmos",1NL8bSqaFLTv4nhoYsoeWw,https://open.spotify.com/track/1NL8bSqaFLTv4nhoYsoeWw
Faded,Faded,Alan Walker,1brwdYwjltrJo7WHpIvbYt,https://open.spotify.com/track/1brwdYwjltrJo7WHpIvbYt
Faded - Slushii Remix,Faded (Remixes II),"Alan Walker, Slushii",1JcC5Zu7vrdMGDjJkw6Z3Q,https://open.spotify.com/track/1JcC5Zu7vrdMGDjJkw6Z3Q
Funeral March - Original Mix,Funeral March,Black Tiger Sex Machine,5RTrBe1HfkQD3CtLJ8a2y7,https://open.spotify.com/track/5RTrBe1HfkQD3CtLJ8a2y7
Getaway,Painting With Dreams,"Tritonal, Angel Taylor",0aAVBcORefVNADGxgqh8XM,https://open.spotify.com/track/0aAVBcORefVNADGxgqh8XM
Gold (feat. Yuna),Calling All Heroes - EP,"Adventure Club, Yuna",2KlZexJjJPuNWcN5uAG1GU,https://open.spotify.com/track/2KlZexJjJPuNWcN5uAG1GU
Heathens,Heathens,Twenty One Pilots,6i0V12jOa3mr6uu4WYhUBr,https://open.spotify.com/track/6i0V12jOa3mr6uu4WYhUBr
How Many,How Many,W&W,64BbRFQBFPpSKhmCZ5w7K1,https://open.spotify.com/track/64BbRFQBFPpSKhmCZ5w7K1
How You Love Me,How You Love Me,"3LAU, Bright Lights",1nas007nDbzLwDGwvMdz79,https://open.spotify.com/track/1nas007nDbzLwDGwvMdz79
I Remember You - Minero Remix,I Remember You (Electro Remixes),"Danilo Garcia, Laura Brehm, Minero",5hADaGvNHDkRruR4Vq0XoH,https://open.spotify.com/track/5hADaGvNHDkRruR4Vq0XoH
Lights,Until Now,"Steve Angello, Third Party",3F1OFAb6AKuyvERl4VAJzq,https://open.spotify.com/track/3F1OFAb6AKuyvERl4VAJzq
Monster (Rework),Monster (Rework),DotEXE,4LfryUF6KUoJNPoOhSsV7z,https://open.spotify.com/track/4LfryUF6KUoJNPoOhSsV7z
Morphine,Morphine,"Thomas Gold, Lush & Simon",7aUQKqlFwXVxWgEiIfargD,https://open.spotify.com/track/7aUQKqlFwXVxWgEiIfargD
My Prayers Have Become Ghosts,My Prayers Have Become Ghosts,Varien,6ccixagYuSLYpOCz4jwGxc,https://open.spotify.com/track/6ccixagYuSLYpOCz4jwGxc
Overtime,Overtime EP,Cash Cash,2E01JGJGMa5gW1PmqAWYXG,https://open.spotify.com/track/2E01JGJGMa5gW1PmqAWYXG
Piercing Light (feat. Mako),Warsongs,"League of Legends, Mako",50cSs6d03KV85oKytBmin9,https://open.spotify.com/track/50cSs6d03KV85oKytBmin9
Rare,Rare,"Going Quantum, Psychic Type",4ZGXEbRugkVmfVgbvnnePM,https://open.spotify.com/track/4ZGXEbRugkVmfVgbvnnePM
Retro City,Retro City,Adventure Club,31R8eTyaTxfuhcdOi5r9q8,https://open.spotify.com/track/31R8eTyaTxfuhcdOi5r9q8
Runaway (U & I),Pharmacy,Galantis,46lFttIf5hnUZMGvjK0Wxo,https://open.spotify.com/track/46lFttIf5hnUZMGvjK0Wxo
Rush Over Me (feat. HALIENE),Rush Over Me (feat. HALIENE),"Seven Lions, ILLENIUM, Said the Sky, HALIENE",2z50GlkP7GinGZauNHwD7j,https://open.spotify.com/track/2z50GlkP7GinGZauNHwD7j
Save The World,Until Now,Swedish House Mafia,1zIEwDU2IZyHjy17ssOvyr,https://open.spotify.com/track/1zIEwDU2IZyHjy17ssOvyr
Saved,Saved,deadmau5,2JjwR5GK8XZE0ZOiL1VBOf,https://open.spotify.com/track/2JjwR5GK8XZE0ZOiL1VBOf
Sing Me to Sleep - Marshmello Remix,Sing Me to Sleep (Marshmello Remix),"Alan Walker, Marshmello",0Fa39D2jWwIFKyiCbZnMqQ,https://open.spotify.com/track/0Fa39D2jWwIFKyiCbZnMqQ
Spacewalker,Vision EP,Joe Garston,1BZ9HNKMcyQpNBYHGqClko,https://open.spotify.com/track/1BZ9HNKMcyQpNBYHGqClko
Split (Only U),Split (Only U),"TiÃ«sto, The Chainsmokers",5zwBmW0IbXpIA84cVHDGhe,https://open.spotify.com/track/5zwBmW0IbXpIA84cVHDGhe
Strobe - Com Truise Remix,Strobe (Remixes),"deadmau5, Com Truise",4NhHZlK1bb5L7Ab9PTe10V,https://open.spotify.com/track/4NhHZlK1bb5L7Ab9PTe10V
Telling Me,Telling Me,Koven,1IOljAMJyyq07kMxL1gVSy,https://open.spotify.com/track/1IOljAMJyyq07kMxL1gVSy
The D Machine - Radio Mix,The D Machine,Croatia Squad,62M3QXOVqnsrEznHBBQp81,https://open.spotify.com/track/62M3QXOVqnsrEznHBBQp81
The Universe Is Ours,The Universe Is Ours,"Headhunterz, Crystal Lake, Reunify, KiFi",0w339q5XFjT2dRjbxjaUSc,https://open.spotify.com/track/0w339q5XFjT2dRjbxjaUSc
Theme O,Theme O,Madison Mars,2ZB0RmcleHqRPTsewOalTV,https://open.spotify.com/track/2ZB0RmcleHqRPTsewOalTV
This Is Love,Painting With Dreams,"Tritonal, Chris Ramos, Shanahan",4MD0T0MNy0yNariTShdRWZ,https://open.spotify.com/track/4MD0T0MNy0yNariTShdRWZ
Voice in the Wall,Something Wrong Here,Rezz,7IXaoh4yH2uSVXi0abzS49,https://open.spotify.com/track/7IXaoh4yH2uSVXi0abzS49
Ghosts 'n' Stuff,For Lack of a Better Name (The Extended Mixes),"deadmau5, Rob Swire",3ezkJgagRPZ39KCTrKcSI7,https://open.spotify.com/track/3ezkJgagRPZ39KCTrKcSI7
Beam Me Up - Radio Edit,Eject,CAZZETTE,2g09JJaUWkefKTDjqCqukJ,https://open.spotify.com/track/2g09JJaUWkefKTDjqCqukJ
Me And You,Welcome Reality +,NERO,0xIof5gmHjFY0t1eX7angP,https://open.spotify.com/track/0xIof5gmHjFY0t1eX7angP
Snake Eyes (feat. CoMa),Monstercat 010 - Conquest,"Feint, Coma",0U8azVJLFJhIqAbOqoPUMG,https://open.spotify.com/track/0U8azVJLFJhIqAbOqoPUMG
Limitless (feat. Delaney Jane),Limitless (feat. Delaney Jane),"Adventure Club, Delaney Jane",7j3HTSCtsbMGDUBwiAP7pw,https://open.spotify.com/track/7j3HTSCtsbMGDUBwiAP7pw
Feel Me,Play Hard EP,Krewella,2mvjYOhEJ1T8f9UYT7fnPv,https://open.spotify.com/track/2mvjYOhEJ1T8f9UYT7fnPv
I Do Coke,OCCULT CLASSIC,"Kill The Noise, Feed Me",3PvhJcV5xv7E1ImIfbRYeM,https://open.spotify.com/track/3PvhJcV5xv7E1ImIfbRYeM
Weekend - SNBRN Remix,Weekend (Remixes),"Louis The Child, Icona Pop, SNBRN",03FlSWryOCZxUEsjWezLsf,https://open.spotify.com/track/03FlSWryOCZxUEsjWezLsf
Purple Gusher,Something Wrong Here,Rezz,3utJwNDBPOF0OOQszJB6wv,https://open.spotify.com/track/3utJwNDBPOF0OOQszJB6wv
Clipped,Clipped,Dirty Audio,0rc7u09ANmdEP1S1LwJ86m,https://open.spotify.com/track/0rc7u09ANmdEP1S1LwJ86m
Nerds on Mushrooms (feat. Pegboard Nerds) - Original Mix,"Friends on Mushrooms, Vol. 2","Infected Mushroom, Pegboard Nerds",1uCulmByq00BSzZj7bVzce,https://open.spotify.com/track/1uCulmByq00BSzZj7bVzce
Follow Me,Follow Me,Grabbitz,0dkvPeRZFzMN2sl9V7p9eY,https://open.spotify.com/track/0dkvPeRZFzMN2sl9V7p9eY
Nerds on Mushrooms (feat. Pegboard Nerds) - Original Mix,Friends On Mushrooms (Deluxe Edition),"Infected Mushroom, Pegboard Nerds",3ndAUoewMM01vcfOnytjF6,https://open.spotify.com/track/3ndAUoewMM01vcfOnytjF6
Gems,Gems,Notaker,14utLlaZ0EBMJMs2D8nDL7,https://open.spotify.com/track/14utLlaZ0EBMJMs2D8nDL7
Telling Me,Come to Light - EP,Koven,5iL8Tcmz5bz3lQxc2FkxVX,https://open.spotify.com/track/5iL8Tcmz5bz3lQxc2FkxVX
Killing Giants (feat. Richard Caddock),Killing Giants (feat. Richard Caddock),"Puppet, Murtagh, Richard Caddock",1wWAi1GSn9Dca8pzusP7vj,https://open.spotify.com/track/1wWAi1GSn9Dca8pzusP7vj
Imaginary Friends,W:/2016ALBUM/,deadmau5,0WzpqM6GqbVm6zQ2qeqDEW,https://open.spotify.com/track/0WzpqM6GqbVm6zQ2qeqDEW
Routine,Routine,"Alan Walker, David Whistle",1U8tZHMk7gow5IdKkuabMv,https://open.spotify.com/track/1U8tZHMk7gow5IdKkuabMv
Without The Sun,Without The Sun,"Dash Berlin, Luca Perra",6jGkzFSB2LugZp5w8ZrH5j,https://open.spotify.com/track/6jGkzFSB2LugZp5w8ZrH5j
Alone,Alone,Alan Walker,0JiVRyTJcJnmlwCZ854K4p,https://open.spotify.com/track/0JiVRyTJcJnmlwCZ854K4p
10:15,4 [EP],Michael McCann,54eMQtMWx6v3oSO5NQ8eFk,https://open.spotify.com/track/54eMQtMWx6v3oSO5NQ8eFk
Watchtower,4 [EP],Michael McCann,2s6hbwYrgH4MxGXu0rA1uG,https://open.spotify.com/track/2s6hbwYrgH4MxGXu0rA1uG
Namir - Trailer Edit,Deus Ex: Human Revolution (Original Soundtrack),Michael McCann,6xDCLQfweeelveHIDbvYB4,https://open.spotify.com/track/6xDCLQfweeelveHIDbvYB4
Spectrum,Spectrum,MUZZ,3cAkY2CdZZoIidC9jTUIZZ,https://open.spotify.com/track/3cAkY2CdZZoIidC9jTUIZZ
Us Against the World,Us Against the World,Darren Styles,0xGefLIJMvEW7GkFp7KHnl,https://open.spotify.com/track/0xGefLIJMvEW7GkFp7KHnl
Stellar,Stellar,RavenKis,2OBbpaQ4qeAY43d0T2z31R,https://open.spotify.com/track/2OBbpaQ4qeAY43d0T2z31R
Crazy Maybe,Feed Me's Existential Crisis,"Feed Me, Kill The Noise, Anjulie",7yJkQotxBIHy5Aid5sFOWk,https://open.spotify.com/track/7yJkQotxBIHy5Aid5sFOWk
Mandelbug,Mandelbug,"I am Sid, Grax",3krJ9MGPxMvuI5BiJEdezN,https://open.spotify.com/track/3krJ9MGPxMvuI5BiJEdezN
Get It On,Get It On,Jenaux,2SvNvlHAEdfYELO3sCWcKP,https://open.spotify.com/track/2SvNvlHAEdfYELO3sCWcKP
Without A Trace (feat. Stalking Gia) - Rezz Remix,Without A Trace (feat. Stalking Gia) [Rezz Remix],"Kill The Noise, Stalking Gia, Rezz",0HvHtWC1LEloipI8FyHYDw,https://open.spotify.com/track/0HvHtWC1LEloipI8FyHYDw
My Friend,My Friend,EDX,3njAZ55V3Z1xPQGRejNS1o,https://open.spotify.com/track/3njAZ55V3Z1xPQGRejNS1o
Spectrum,Spectrum,MUZZ,3cAkY2CdZZoIidC9jTUIZZ,https://open.spotify.com/track/3cAkY2CdZZoIidC9jTUIZZ
FML,FML,K.Flay,6kbCH9kQoNzaEt1R1rizpR,https://open.spotify.com/track/6kbCH9kQoNzaEt1R1rizpR
United We Stand - Divided We Fall,Archangel,"Thomas Bergersen, Two Steps from Hell",2ZssT3XEX1cObqahy9YrQM,https://open.spotify.com/track/2ZssT3XEX1cObqahy9YrQM
All Is Hell That Ends Well,SkyWorld,"Thomas Bergersen, Two Steps from Hell",2IIaPvjYta7Y09wuFOD8pX,https://open.spotify.com/track/2IIaPvjYta7Y09wuFOD8pX
Raining (feat. SunSun) - Radio Edit,Raining (feat. Sunsun) (feat. SunSun),"Kaskade, Adam K, Sunsun",7EQx8oKi9jeCRSlc9Ux14t,https://open.spotify.com/track/7EQx8oKi9jeCRSlc9Ux14t
December - Beatman & Ludmilla Remix,The Throes Of Winter (Remixes),"Seven Lions, Davey Havok, Beatman & Ludmilla",24ob6JXAjYDL4Xu41CZLFu,https://open.spotify.com/track/24ob6JXAjYDL4Xu41CZLFu
Fumes,Fall,CHVRN,62AQwcsHa0NRb11jsWVHrS,https://open.spotify.com/track/62AQwcsHa0NRb11jsWVHrS
Skyline,Skyline EP,David Heartbreak,0uFdIb40j7WJUBrYWC8WLm,https://open.spotify.com/track/0uFdIb40j7WJUBrYWC8WLm
Outbreak (feat. Mylk),Outbreak (feat. Mylk),"Feint, MYLK",7z7C5QwBXXfGLf8kU2IWqF,https://open.spotify.com/track/7z7C5QwBXXfGLf8kU2IWqF
Never Look Back,Never Look Back,LTN,0HYwWXfPVyQAqORw4t5Ech,https://open.spotify.com/track/0HYwWXfPVyQAqORw4t5Ech
Premonition,Premonition,Rezz,6F0bNDw7RyJaBV12FzzgTC,https://open.spotify.com/track/6F0bNDw7RyJaBV12FzzgTC
So Wrong,So Wrong,ILLENIUM,0pySFXppNX5fzDu2DPfblI,https://open.spotify.com/track/0pySFXppNX5fzDu2DPfblI
Vertigo,Vertigo,"Rob Gasser, Laura Brehm",6jxVc6cGxv7BxuotdpQOyu,https://open.spotify.com/track/6jxVc6cGxv7BxuotdpQOyu
Lost Forever,Spectrum - EP,MUZZ,3BrhdGrFQ7VUklR4T1fVLT,https://open.spotify.com/track/3BrhdGrFQ7VUklR4T1fVLT
Need You feat. Anna Yvette,$KULL TEAM,"Anna Yvette, Kai Wachi",6y6x79BnybCYWAykBw2gMg,https://open.spotify.com/track/6y6x79BnybCYWAykBw2gMg
The Wolf (Varien Remix),Tomorrow Today Pt. 1 (The Remixes),"Savoy, Bright Lights, Varien",1OjMnhLfn3u28lp7E9FbKD,https://open.spotify.com/track/1OjMnhLfn3u28lp7E9FbKD
Messages from nowhere,stuff i used to do,deadmau5,1dtpYestJ72OwmQeghIUfn,https://open.spotify.com/track/1dtpYestJ72OwmQeghIUfn
Italics - Vip,Italics,"KRANE, Portrait",4dGUuzr5ZlTYjVwxxHVa7D,https://open.spotify.com/track/4dGUuzr5ZlTYjVwxxHVa7D
Smoke Filled Room - Fawks Remix,Smoke Filled Room (Remixes),"Mako, Fawks",0JTK1PRS0Ykie4vCRHLD7k,https://open.spotify.com/track/0JTK1PRS0Ykie4vCRHLD7k
Errors In My Bread,while(1<2),deadmau5,6y9S54p77BSx4UpDRWPjNr,https://open.spotify.com/track/6y9S54p77BSx4UpDRWPjNr
The Spectre,The Spectre,Alan Walker,2DGa7iaidT5s0qnINlwMjJ,https://open.spotify.com/track/2DGa7iaidT5s0qnINlwMjJ
Ghosts' n' Stuff (feat. Rob Swire),Ghosts 'n' Stuff (feat. Rob Swire) (feat. Rob Swire),"deadmau5, Rob Swire",4tMtYV2vRJYult04PWWCau,https://open.spotify.com/track/4tMtYV2vRJYult04PWWCau
Messages from nowhere,stuff i used to do,deadmau5,1dtpYestJ72OwmQeghIUfn,https://open.spotify.com/track/1dtpYestJ72OwmQeghIUfn
Rescue Me,Where I Won't Be Found,"Seven Lions, Unlike Pluto",01Zr4Yhw7m2WKy2TjpFtDj,https://open.spotify.com/track/01Zr4Yhw7m2WKy2TjpFtDj
Wanchu Back,Wanchu Back,Aero Chord,1j05ob1Ri4JzoEG4ZFQfXe,https://open.spotify.com/track/1j05ob1Ri4JzoEG4ZFQfXe
Wings (feat. Taylr Renee) - Milk N Cookies Remix,Wings (Remixes) (feat. Taylr Renee),"Tom Swoon, Taylr Renee",3JoUatdli6gpRZ1W6AOSVI,https://open.spotify.com/track/3JoUatdli6gpRZ1W6AOSVI
Animal Rights,4x4=12,"deadmau5, Wolfgang Gartner",2DHDdNrGxqVfskQKZ3iTmj,https://open.spotify.com/track/2DHDdNrGxqVfskQKZ3iTmj
Dreams,Dreams,"NERO, ZHU",560Ac5wm8qT64yGNRKRhpN,https://open.spotify.com/track/560Ac5wm8qT64yGNRKRhpN
Tonight,Between II Worlds,NERO,4LfveCUEI9hVm1dT9lKzrF,https://open.spotify.com/track/4LfveCUEI9hVm1dT9lKzrF
Satisfy,Between II Worlds,NERO,4FoHmnlQPesxK7ZT1QCnd6,https://open.spotify.com/track/4FoHmnlQPesxK7ZT1QCnd6
Existential Crisis,Feed Me's Existential Crisis,Feed Me,1uN7bUgtz8u4KgVd1Vq9I4,https://open.spotify.com/track/1uN7bUgtz8u4KgVd1Vq9I4
Mortals,Mortals,Warriyo,3Fg5uhtWBlW0es8GSqQ6Ff,https://open.spotify.com/track/3Fg5uhtWBlW0es8GSqQ6Ff
Make Me Do,Make Me Do - Single,ILLENIUM,51PpJNNBOhkObA9ISnP9nC,https://open.spotify.com/track/51PpJNNBOhkObA9ISnP9nC
Beggars,Ammunition,"Krewella, Diskord",0UBgJMgfxiIsuL9zfiEuKn,https://open.spotify.com/track/0UBgJMgfxiIsuL9zfiEuKn
Grand Theft Ecstasy - Original Mix,Feed Me's Big Adventure,Feed Me,5hCh2Lpczm74c0ML4HeXHe,https://open.spotify.com/track/5hCh2Lpczm74c0ML4HeXHe
Maths - Cobra Effect Remix,Maths (Cobra Effect Remix),deadmau5,1HV1ZEjrzy4sEGGdDniHo4,https://open.spotify.com/track/1HV1ZEjrzy4sEGGdDniHo4
Good Thing - Vigel Remix,Good Thing (Remixes),"Tritonal, Laurell, Vigel",5c6a7suIrf5mhU7BkaDVUx,https://open.spotify.com/track/5c6a7suIrf5mhU7BkaDVUx
I Swear (ABGT236) - Jason Ross Remix,Group Therapy 236,"Dirty South, ANIMA!, Jason Ross",3Imc8hmiKlmTGqTUuhF7DR,https://open.spotify.com/track/3Imc8hmiKlmTGqTUuhF7DR
Travelling Light,Senses,Daydreamer,0usLsSrEuwUhZFZJcIs5At,https://open.spotify.com/track/0usLsSrEuwUhZFZJcIs5At
Worth The Lie,Monstercat Uncaged Vol. 3,"MUZZ, Koven, Feint",231QxTX8uv5AMyhljix406,https://open.spotify.com/track/231QxTX8uv5AMyhljix406
Alive,Get Wet,Krewella,59mrqUmhpmcfUns8BKkV30,https://open.spotify.com/track/59mrqUmhpmcfUns8BKkV30
Live for the Night,Get Wet,Krewella,457p7UH7hoHrbA2iI4PSCA,https://open.spotify.com/track/457p7UH7hoHrbA2iI4PSCA
One,Catalyst,"Tristam, Rogue",0RZX8YtJjmRuWt3izCsORW,https://open.spotify.com/track/0RZX8YtJjmRuWt3izCsORW
Body Moving (feat. Whizzkid),Body Moving (feat. Whizzkid),"Stonebank, Whizzkid",0Ik8B1TYpgOYDX7CMBZ3TO,https://open.spotify.com/track/0Ik8B1TYpgOYDX7CMBZ3TO
Resurrection - Axwell's Recut Radio Version,Resurrection,Michael Calfan,2WaA5bVXcIqqpz9j0gd7qK,https://open.spotify.com/track/2WaA5bVXcIqqpz9j0gd7qK
Fire in Your New Shoes (feat. Martina) - Sultan & Ned Shepard Electric Daisy Remix,Club Life - Volume One Las Vegas (Continuous DJ Mix),"Kaskade, Martina Sorbara",6RlGkqMQOFNxWHdLdMmmng,https://open.spotify.com/track/6RlGkqMQOFNxWHdLdMmmng
With You,With You,Koven,2ug0DOZBpLQskyfMOHPga4,https://open.spotify.com/track/2ug0DOZBpLQskyfMOHPga4
Touch Me,Connecting?,Botnek,0JdDSo6r6JGDVFazviTx6A,https://open.spotify.com/track/0JdDSo6r6JGDVFazviTx6A
Revolver - VRS.US Remix,Revolver Remixes,"Vian Izak, VRS.US",14buJMFug0AF8dA4gxK5VR,https://open.spotify.com/track/14buJMFug0AF8dA4gxK5VR
Like Home - Karetus Remix,Like Home,"Nicky Romero, NERVO",1ZOZPk1svEDzLOjsRSpMYk,https://open.spotify.com/track/1ZOZPk1svEDzLOjsRSpMYk
Breathe ft. Krewella (Vocal Edit),Bangarang EP,"Skrillex, Krewella",0mulI4rWmLU5zVWxADcTon,https://open.spotify.com/track/0mulI4rWmLU5zVWxADcTon
Farewell - Sauniks Remix,Farewell (Sauniks Remix),Sauniks,3JWApMuTjjfnS3G7ZGEKaE,https://open.spotify.com/track/3JWApMuTjjfnS3G7ZGEKaE
Rat Trap,Calamari Tuesday,Feed Me,2yyzO7NRl2A3RqfqIISstA,https://open.spotify.com/track/2yyzO7NRl2A3RqfqIISstA
Madness,Madness,"Black Tiger Sex Machine, Sullivan King",34M1eoQDDoYHT4qN3tIZDc,https://open.spotify.com/track/34M1eoQDDoYHT4qN3tIZDc
Banshee,Banshee,"Wolfgang Gartner, k?d",3983dFiS13NbeQcJzryFr4,https://open.spotify.com/track/3983dFiS13NbeQcJzryFr4
Black Coffee,A State Of Trance 850 (The Official Album),John Askew,1LWM8ybNxkIWf8QqEafcP1,https://open.spotify.com/track/1LWM8ybNxkIWf8QqEafcP1
Blood Hunter,Blood Hunter,Varien,6P3AB0wKD5umqqwU5LryfL,https://open.spotify.com/track/6P3AB0wKD5umqqwU5LryfL
Nostalgia Drive,Game Over,No Mana,4VW0j6n5ve0hkkaVJRStbJ,https://open.spotify.com/track/4VW0j6n5ve0hkkaVJRStbJ
Abyss,"We Are Friends, Vol. 6",Notaker,4wAssn566mNw6CWJomzGHB,https://open.spotify.com/track/4wAssn566mNw6CWJomzGHB
Hey Baby - deadmau5 Instrumental Remix,Hey Baby,"Melleefresh, deadmau5",0Oh5sFv6voDGSaa6KzCJlX,https://open.spotify.com/track/0Oh5sFv6voDGSaa6KzCJlX
Gold (Stupid Love),Gold (Stupid Love),"Excision, ILLENIUM, Shallows",5ZzjNL4J31lqU853Un7T3f,https://open.spotify.com/track/5ZzjNL4J31lqU853Un7T3f
No Lullaby,No Lullaby,Mountkid,1gRYSODTGjfufMdyu4Z3OV,https://open.spotify.com/track/1gRYSODTGjfufMdyu4Z3OV
LIVID,Mass Manipulation,Rezz,33kcGOK3uSGYI4uuKIdukl,https://open.spotify.com/track/33kcGOK3uSGYI4uuKIdukl
Lotus,Lotus,Shadient,4mkDs7IRE2PAN4EV1V2RXf,https://open.spotify.com/track/4mkDs7IRE2PAN4EV1V2RXf
Sunrise (Won't Get Lost) - ShockOne Remix,Sunrise (Won't Get Lost) [Remixes],"The Aston Shuffle, Tommy Trash, ShockOne",74KEDAaXFF1ym1MbkfQ0uu,https://open.spotify.com/track/74KEDAaXFF1ym1MbkfQ0uu
Chocolate,Chocolate,Fatum,3Ga0WV9aBzavHcGKzdPjY2,https://open.spotify.com/track/3Ga0WV9aBzavHcGKzdPjY2
Loving Her Loving U,Loving Her Loving U,"Justin OH, Delaney Kai",07TESpY3bF8DC5FA5dye8G,https://open.spotify.com/track/07TESpY3bF8DC5FA5dye8G
Polarized,Polarize EP (feat. Shaz Sparks),"Seven Lions, Shaz Sparks",46BtkjwDx6o6qr5fiSaO2D,https://open.spotify.com/track/46BtkjwDx6o6qr5fiSaO2D
Wired (feat. Babet),Wired (feat. Babet),"Jay Hardway, MOTi, Babet",149oWfWgLCtRW88xRCKXu1,https://open.spotify.com/track/149oWfWgLCtRW88xRCKXu1
Touch - Zeds Dead Remix,Ultraviolet (Remixed),"3LAU, Carly Paige, Zeds Dead",5xFyDoUkX82ZZoYrBgy3Bi,https://open.spotify.com/track/5xFyDoUkX82ZZoYrBgy3Bi
Elements,Elements,Fractal,1YQKR9HxXvu045KE7CzI5H,https://open.spotify.com/track/1YQKR9HxXvu045KE7CzI5H
Don't Bring Me Down,Don't Bring Me Down,Justin OH,0fwfMoZWNZhKbFkUqE4Gkt,https://open.spotify.com/track/0fwfMoZWNZhKbFkUqE4Gkt
Pressure,NOVA,RL Grime,11AZJufpf0EdlyGes9Jgrh,https://open.spotify.com/track/11AZJufpf0EdlyGes9Jgrh
Greyhound,Until Now,Swedish House Mafia,0VffaI2jwQknRrxpECYHsF,https://open.spotify.com/track/0VffaI2jwQknRrxpECYHsF
Monarch - Speed of Light,Notaker EP,Notaker,2z21iEgDXBV0mv00cOBlFI,https://open.spotify.com/track/2z21iEgDXBV0mv00cOBlFI
Into Dust,Into Dust,"Paris Blohm, Elle Vee",52pjPdMzY3LgKmZtKrgDZB,https://open.spotify.com/track/52pjPdMzY3LgKmZtKrgDZB
Bloom,Bloom,"Kotori, Stessie",0L3gvkkP1kYnnyw7FS0rAC,https://open.spotify.com/track/0L3gvkkP1kYnnyw7FS0rAC
Arcadia,Arcadia,Skeler,0bKIXko2IX0y0yOG0dzlrk,https://open.spotify.com/track/0bKIXko2IX0y0yOG0dzlrk
Save The World - Knife Party Remix,Save The World (The Remixes),"Swedish House Mafia, Knife Party",0wm3QDJX7EedYpc6B9kHGG,https://open.spotify.com/track/0wm3QDJX7EedYpc6B9kHGG
Some Chords,5 Years of mau5,deadmau5,45TgbYLcCPAlq4U190TUq6,https://open.spotify.com/track/45TgbYLcCPAlq4U190TUq6
For a Feeling (feat. RHODES),For a Feeling (feat. RHODES),"CamelPhat, ARTBAT, RHODES",1wjQEAV31X26Za9KRAmqwz,https://open.spotify.com/track/1wjQEAV31X26Za9KRAmqwz
Five Hours,Five Hours,Deorro,3haS1MDe2Zh8jJaeiiymSt,https://open.spotify.com/track/3haS1MDe2Zh8jJaeiiymSt
Pressure - Blanke Remix,"NOVA (The Remixes, Vol. 2)","RL Grime, Blanke",47jnDkI9k6XmDhDDjBfkhs,https://open.spotify.com/track/47jnDkI9k6XmDhDDjBfkhs
If You Want To - Remix,If You Want To (Dimension Remix),Dimension,6kLaJwG8unMHMv6JuxVbsE,https://open.spotify.com/track/6kLaJwG8unMHMv6JuxVbsE
Working For It,GENERATIONWHY,"ZHU, Skrillex, THEY.",2HJQcyUpmUuvzS5vBAICIc,https://open.spotify.com/track/2HJQcyUpmUuvzS5vBAICIc
Desire - Single Edit,Desire,"Bob Moses, ZHU",36Lb2L21fDT7vtl0r7zpa5,https://open.spotify.com/track/36Lb2L21fDT7vtl0r7zpa5
Born Yesterday,Born Yesterday,"Tritonal, Brigetta",4G55pTc04WhcDGh7VUCOkT,https://open.spotify.com/track/4G55pTc04WhcDGh7VUCOkT
Shadow,Shadow,Blanke,3hjaGGRFXx9ahoHjwfykUi,https://open.spotify.com/track/3hjaGGRFXx9ahoHjwfykUi
Adore Me,Adore Me,EDX,7mUEOorJyJ1Ylo1lqXEj1K,https://open.spotify.com/track/7mUEOorJyJ1Ylo1lqXEj1K
Lose My Mind (feat. Heather Janssen),Lose My Mind (feat. Heather Janssen),"ZABO, R7CKY, Heather Janssen",63wL7g741VEAwj4fwP9z5r,https://open.spotify.com/track/63wL7g741VEAwj4fwP9z5r
Lost (feat. Chelsea Jade) [WHZLY Remix],Lost Remixes,"Jai Wolf, WHZLY, Chelsea Jade",5aG94Uw75PgtlgX1RvVyPU,https://open.spotify.com/track/5aG94Uw75PgtlgX1RvVyPU
