# Liked from Radio, By Drew Achtermann, https://open.spotify.com/playlist/6KZXfzkvCR5vi7tp7BLsUh
title,album,artist,id,url
Army - Original Mix,Sonder,Popeska,12gjqDJe86xAxQKRjR0y2s,https://open.spotify.com/track/12gjqDJe86xAxQKRjR0y2s
Atlantis feat. Anna Yvette - Original Mix,Karmameter,Popeska,67aRk25fHQkhX39tfT3Tbv,https://open.spotify.com/track/67aRk25fHQkhX39tfT3Tbv
The New Kings - Original Mix,The New Kings,"Popeska, Luciana",5chBxbWleitUXMzP04z8wG,https://open.spotify.com/track/5chBxbWleitUXMzP04z8wG
Valkyrie (feat. Laura Brehm),Valkyrie (feat. Laura Brehm),"Varien, Laura Brehm",0xSfg4oe6k01VfdCk97Ur2,https://open.spotify.com/track/0xSfg4oe6k01VfdCk97Ur2
On The Run - Original Mix,On The Run,Black Tiger Sex Machine,4ro1PQ8iBbdBHRfZnfBO08,https://open.spotify.com/track/4ro1PQ8iBbdBHRfZnfBO08
Let It Go (feat. KATFYR),Loose Dirt,Klaypex,22EwY5MeOF8i0H2KbXFiOy,https://open.spotify.com/track/22EwY5MeOF8i0H2KbXFiOy
Battle Cry,Battle Cry,DotEXE,7KmdBR6QQAzM1mPSIgQQna,https://open.spotify.com/track/7KmdBR6QQAzM1mPSIgQQna
Army - Original Mix,Sonder,Popeska,12gjqDJe86xAxQKRjR0y2s,https://open.spotify.com/track/12gjqDJe86xAxQKRjR0y2s
Deception,Anything Goes,Klaypex,0un81QSK3FnlR7U6iSVnhJ,https://open.spotify.com/track/0un81QSK3FnlR7U6iSVnhJ
Intro,xx,The xx,0bXpmJyHHYPk6QBFj25bYF,https://open.spotify.com/track/0bXpmJyHHYPk6QBFj25bYF
Hymn for the Weekend,A Head Full of Dreams,Coldplay,3RiPr603aXAoi4GHyXx0uy,https://open.spotify.com/track/3RiPr603aXAoi4GHyXx0uy
High And Dry,Rock Ballads,Radiohead,2nkdmdmpSreBz0ugsCnUix,https://open.spotify.com/track/2nkdmdmpSreBz0ugsCnUix
A Sky Full of Stars,Ghost Stories,Coldplay,0FDzzruyVECATHXKHFs9eJ,https://open.spotify.com/track/0FDzzruyVECATHXKHFs9eJ
I Might Be Wrong,Amnesiac,Radiohead,0JhpYE9xA3UpSFrmXTZyIF,https://open.spotify.com/track/0JhpYE9xA3UpSFrmXTZyIF
Namir - Trailer Edit,Deus Ex: Human Revolution (Original Soundtrack),Michael McCann,6xDCLQfweeelveHIDbvYB4,https://open.spotify.com/track/6xDCLQfweeelveHIDbvYB4
Dragonland,Sun,Thomas Bergersen,1W9QER6RZ0NEZhWc8jGez7,https://open.spotify.com/track/1W9QER6RZ0NEZhWc8jGez7
Watchtower,4 [EP],Michael McCann,2s6hbwYrgH4MxGXu0rA1uG,https://open.spotify.com/track/2s6hbwYrgH4MxGXu0rA1uG
Sewers,Deus Ex: Mankind Divided (Original Soundtrack - Extended Edition),Michael McCann,1nsWuH1eeViyn8EXugwWeC,https://open.spotify.com/track/1nsWuH1eeViyn8EXugwWeC
Into Dust (feat. Elle Vee),Into Dust (feat. Elle Vee),"Paris Blohm, Elle Vee",11b29yvRI91YF0mIgwNmvk,https://open.spotify.com/track/11b29yvRI91YF0mIgwNmvk
Reflection,Reflection,"Jerome Isma-Ae, Alastor",5egCSjWOXvbIcEeVSFEBc9,https://open.spotify.com/track/5egCSjWOXvbIcEeVSFEBc9
Hey Baby - deadmau5 Instrumental Remix,Hey Baby,"Melleefresh, deadmau5",0Oh5sFv6voDGSaa6KzCJlX,https://open.spotify.com/track/0Oh5sFv6voDGSaa6KzCJlX
Crazy Maybe,Feed Me's Existential Crisis,"Feed Me, Kill The Noise, Anjulie",7yJkQotxBIHy5Aid5sFOWk,https://open.spotify.com/track/7yJkQotxBIHy5Aid5sFOWk
Abyss,"We Are Friends, Vol. 6",Notaker,4wAssn566mNw6CWJomzGHB,https://open.spotify.com/track/4wAssn566mNw6CWJomzGHB
The Space,Friction,James Egbert,0uaFiwNVZE7nyDaBdeiJGo,https://open.spotify.com/track/0uaFiwNVZE7nyDaBdeiJGo
Warning,"We Are Friends, Vol. 7",i_o,7sbkwex4shpvXs6uDY6hbo,https://open.spotify.com/track/7sbkwex4shpvXs6uDY6hbo
Reaction (feat. Leah Culver),Red // Blue,"Adventure Club, Leah Culver",2V1zPnAuEvNjQ62wXYw9z8,https://open.spotify.com/track/2V1zPnAuEvNjQ62wXYw9z8
Shock Diamond,Freefall,"Au5, Cristina Soto",4nfh40Qsi4zaSYs8plzNg6,https://open.spotify.com/track/4nfh40Qsi4zaSYs8plzNg6
Serenity,"We Are Friends, Vol. 4",Rezz,6Wi0QYRe8LFHmnPEOAjgKf,https://open.spotify.com/track/6Wi0QYRe8LFHmnPEOAjgKf
Demise,Demise,Kindrid,1ko80GzJFbEuZV4HMlbbO5,https://open.spotify.com/track/1ko80GzJFbEuZV4HMlbbO5
Shock Diamond,Freefall,"Au5, Cristina Soto",4nfh40Qsi4zaSYs8plzNg6,https://open.spotify.com/track/4nfh40Qsi4zaSYs8plzNg6
Front To Back - Bassnectar Remix,Front To Back (Bassnectar Remix),"Buku, Bassnectar",7e0fO3VlPSkbpha0A9olGS,https://open.spotify.com/track/7e0fO3VlPSkbpha0A9olGS
Neck And Neck - DNMO Remix,Northern Lights (Remixes),"Zeds Dead, Dragonette, DNMO",2bCjaF7cRm53Wdq9RtkYJu,https://open.spotify.com/track/2bCjaF7cRm53Wdq9RtkYJu
After Dark (feat. Fiora),After Dark (feat. Fiora),"Seven Lions, Blastoyz, Fiora",569BGSWQapYD8Niuy67Cal,https://open.spotify.com/track/569BGSWQapYD8Niuy67Cal
Eyes Wide Open,Eyes Wide Open,Bishu,0KLWkDj1HJGep8KktD4Nkn,https://open.spotify.com/track/0KLWkDj1HJGep8KktD4Nkn
Know ft. MARS,State,"OVERWERK, Mars",53GUszOJPIr6jUwdETc8hg,https://open.spotify.com/track/53GUszOJPIr6jUwdETc8hg
Running Away,Running Away,"Taska Black, DROELOE, CUT_",5HbTUbKSPeNh75aKSW66OF,https://open.spotify.com/track/5HbTUbKSPeNh75aKSW66OF
Lose Myself,The Throes Of Winter,"Seven Lions, Lynn Gunn",3UX4FTjldyCckphCMgPJGN,https://open.spotify.com/track/3UX4FTjldyCckphCMgPJGN
"Better Hide, Better Run (feat. Mark Johns)",Piece of the Indestructible - EP,"The Glitch Mob, Mark Johns",0eA7Z1oR8cDdhmE3GpNlQz,https://open.spotify.com/track/0eA7Z1oR8cDdhmE3GpNlQz
Falling Down - xKore Remix,Falling Down,"Sub Focus, xKore",29RnEJbVVDIEhwk7QofKn7,https://open.spotify.com/track/29RnEJbVVDIEhwk7QofKn7
Snowblind,Snowblind,"Au5, Tasha Baxter",7FCG2wIYG1XvGRUMACC2cD,https://open.spotify.com/track/7FCG2wIYG1XvGRUMACC2cD
All Alone,All Alone,"Pegboard Nerds, Grabbitz",6t6OF6KiHxgGv9efthbByF,https://open.spotify.com/track/6t6OF6KiHxgGv9efthbByF
Rattlesnake,Rattlesnake,Rogue,5Gp2779W5p9qN3idmx0nLQ,https://open.spotify.com/track/5Gp2779W5p9qN3idmx0nLQ
Sentinel,Sentinel,Noisestorm,1buxjkNB72uMhhRPZNZzt3,https://open.spotify.com/track/1buxjkNB72uMhhRPZNZzt3
Boss Mode,Abandon Ship,Knife Party,3ygMNzTlytWlHsynGAWvZ7,https://open.spotify.com/track/3ygMNzTlytWlHsynGAWvZ7
Break Them,Break Them,"Aero Chord, Anna Yvette",6CVHfjE2FOWRWSTvCwnhfs,https://open.spotify.com/track/6CVHfjE2FOWRWSTvCwnhfs
Limitless (feat. Delaney Jane),Red // Blue,"Adventure Club, Delaney Jane",6D1kEYqdY4D3okAOfeKouI,https://open.spotify.com/track/6D1kEYqdY4D3okAOfeKouI
Ease My Soul,Ease My Soul - Single,"Trivecta, Charlotte Haining",4XOzkl80Tm7yz2XUZZpdIR,https://open.spotify.com/track/4XOzkl80Tm7yz2XUZZpdIR
Barracuda,Barracuda,Noisestorm,2lQi7Cdz78ir7MJcW6qTTd,https://open.spotify.com/track/2lQi7Cdz78ir7MJcW6qTTd
